node,spring_x,spring_y,bfs_x,bfs_y,arf_x,arf_y,spectral_x,spectral_y,force atlas_x,force atlas_y,kamada kawai_x,kamada kawai_y,random_x,random_y
cube95_cluster0,0.9680295444826958,0.43999887922553305,0.48782329620539927,0.0,12.04589557647705,1.910788655281067,-0.01690814805810664,0.9937395321558844,226.15383911132812,93.61605834960938,0.4622405473169003,-0.22388960907048552,0.9670298099517822,0.5472322702407837
cube99_cluster0,-0.046551403847173004,0.7702808467842794,0.42495752312629786,0.0,11.450318336486816,4.576402187347412,-0.08709851359989369,0.2568680780028162,-81.15685272216797,181.74903869628906,0.10925415432084627,0.34669102587551653,0.972684383392334,0.7148159742355347
cube106_cluster0,0.882369840687031,0.4184721513942323,0.46686803851236547,0.010477628846516896,5.944850921630859,-7.88578987121582,-0.016815036259011845,0.9729484138670557,218.1289520263672,96.5450210571289,0.44844185931098524,-0.17676912477642762,0.6977288126945496,0.21608950197696686
cube107_cluster0,0.9438347301682507,0.3878353721377264,0.46686803851236547,0.03143288653955069,7.210972309112549,-8.97114372253418,-0.01690345679895825,0.9927613409314643,231.56700134277344,91.19123840332031,0.5013445790167435,-0.1805495481493836,0.9762744307518005,0.006230255123227835
cube108_cluster0,1.0,0.3709925803057947,0.48782329620539927,0.02095525769303379,-6.569367408752441,-1.2501615285873413,-0.016935770133017003,0.9999999999999999,238.2572021484375,88.9432601928711,0.5250315346531846,-0.1708426721905998,0.25298234820365906,0.43479153513908386
cube123_cluster0,0.7403738554319848,0.43249936415004375,0.44591278081933167,0.010477628846516896,6.190252780914307,-6.712676048278809,-0.01650567112969684,0.9041486007114354,182.89991760253906,109.05072784423828,0.41140519986899154,-0.13821029530718548,0.7793829441070557,0.19768507778644562
cube124_cluster0,0.9454668591263532,0.3666819587527013,0.46686803851236547,0.05238814423258448,6.338284969329834,9.389409065246582,-0.01691140666037427,0.9945518931833965,235.24417114257812,88.5331802368164,0.5139827265389397,-0.19962030924017876,0.8629932403564453,0.9834007024765015
cube125_cluster0,0.9916964087760884,0.3519296815060093,0.48782329620539927,0.04191051538606758,-9.332327842712402,3.436873435974121,-0.016934609023523842,0.9997397641339233,237.29379272460938,87.28874969482422,0.5318477487581142,-0.19296883369284712,0.16384224593639374,0.5973339676856995
cube127_cluster0,-0.2984784390432537,0.6813480308702794,0.3830470077402303,0.04191051538606758,-10.83149528503418,-1.3696503639221191,0.0012512448040905009,0.2739386367955386,-166.62063598632812,191.09388732910156,0.010480943331574866,0.3159699385727545,0.008986097760498524,0.3865712881088257
cube160_cluster0,-0.10658629155513966,-0.9542826491504192,0.6345101000566358,0.010477628846516896,-7.870342254638672,8.533712387084961,-0.651316682379276,-0.1296204798498752,-186.933837890625,-95.06546020507812,0.8722609359424812,0.25464907395078606,0.04416005685925484,0.9566529393196106
cube162_cluster0,-0.4726866323202908,-0.8526151226351619,0.6345101000566358,-0.010477628846516896,-1.682222604751587,11.962498664855957,-0.7122627441314829,-0.2204155175535451,-81.51722717285156,77.48986053466797,1.0,0.4910578789069432,0.43614664673805237,0.9489772915840149
cube174_cluster0,-0.03567718246605642,-0.8789711386948795,0.613554842363602,0.02095525769303379,5.846674919128418,10.604050636291504,-0.6478451219283649,-0.1270014563299298,-174.3953857421875,-90.34088897705078,0.808542099533509,0.308027483244528,0.7863059639930725,0.8662893176078796
cube175_cluster0,-0.06098670854015811,-0.8911154785148508,0.613554842363602,0.04191051538606758,-6.338905334472656,-7.86708402633667,-0.6487666468109133,-0.12769649339048914,-179.03738403320312,-92.09954071044922,0.8228241526373361,0.2683137060744511,0.173165425658226,0.07494858652353287
cube175_cluster1,-0.3235828543470975,-0.7975982085482008,0.613554842363602,-0.04191051538606758,0.6869407296180725,-10.340361595153809,-0.7051153596094861,-0.21203562824449548,-60.931427001953125,82.47069549560547,0.9027643559312339,0.5414572007990051,0.6007426977157593,0.16797217726707458
cube176_cluster0,-0.3682844550465279,-0.7979332110165211,0.613554842363602,-0.02095525769303379,7.580816745758057,-1.378281593322754,-0.7061815632081814,-0.21328121732412958,-66.55744171142578,81.2720947265625,0.9273472496401421,0.5205008734743357,0.733380138874054,0.4084438681602478
cube188_cluster0,0.01190799748900372,-0.8299638993505146,0.5925995846705682,0.0,0.965976357460022,12.112156867980957,-0.6453346384690054,-0.12512523557133912,-163.88697814941406,-85.8468246459961,0.7728237194618174,0.3121266407129589,0.5279088020324707,0.9375715851783752
cube189_cluster0,0.03108072810421944,-0.8130989884587513,0.5925995846705682,0.02095525769303379,-0.4007878303527832,-9.174455642700195,-0.6442168273259343,-0.12429111030249775,-158.27462768554688,-83.41780853271484,0.7426033580914311,0.30315603818570513,0.521696150302887,0.10819338262081146
cube189_cluster1,-0.26437490134439773,-0.7592458822377581,0.5925995846705682,-0.02095525769303379,-9.85031509399414,1.738735556602478,-0.7022521665629445,-0.2087490848681105,-52.70441818237305,83.51506042480469,0.887571150912081,0.5248446746670626,0.15822340548038483,0.5452026724815369
cube190_cluster0,-0.3384167383181486,-0.7850768837471281,0.613554842363602,0.0,1.6804885864257812,3.6804051399230957,-0.7053338667094753,-0.21228832216667914,-63.0513916015625,82.0394058227539,0.9073285314620622,0.5058262185882167,0.5244041085243225,0.6376102566719055
cube196_cluster0,0.17737784943051418,-0.6832190635584738,0.5716443269775344,-0.04191051538606758,-5.2029829025268555,6.140566349029541,-0.6518694943058225,-0.15136281522622375,90.20755004882812,93.42900085449219,0.7229230770939581,0.5331741756117068,0.40149545669555664,0.6498051285743713
cube197_cluster0,-0.00293511218007262,-0.7159240833814471,0.5716443269775344,-0.02095525769303379,-5.344097137451172,4.00600528717041,-0.6721038314906189,-0.17422040966211044,38.440330505371094,93.63758850097656,0.8055222242249354,0.537685051695848,0.3968999981880188,0.6239160895347595
cube198_cluster0,0.1408728498793861,-0.7121581971567853,0.5716443269775344,0.02095525769303379,6.289504528045654,-9.289655685424805,-0.6336075256131515,-0.11641979516250726,-112.87244415283203,-61.854976654052734,0.697337820955236,0.32964410282894724,0.7674049735069275,0.17897391319274902
cube203_cluster0,0.2942790107874929,-0.6568701677640045,0.5716443269775344,0.0,-5.1502275466918945,0.1927616447210312,-0.6426750240182983,-0.14125007447979737,109.03710174560547,91.22034454345703,0.6729008943071259,0.5621638195233528,0.3755757808685303,0.5025330781936646
cube204_cluster0,0.2694424941457591,-0.6028617095486314,0.5506890692845007,-0.02095525769303379,4.2590250968933105,-5.277884483337402,-0.6407992141114223,-0.1396000883768986,104.95874786376953,89.34783172607422,0.6684635374357462,0.5339007904054808,0.6866670846939087,0.25367966294288635
cube205_cluster0-cube206_cluster0,0.3266728840485048,-0.5138287827777925,0.5506890692845007,0.0,3.3654332160949707,5.089539527893066,-0.6005568244471301,-0.0921391638140632,37.769657135009766,9.90744686126709,0.619531300418615,0.36839993281412814,0.554740846157074,0.6249308586120605
cube213_cluster0,0.3685775088139593,-0.5902853634741345,0.5506890692845007,0.02095525769303379,11.49958324432373,-2.662728786468506,-0.6360136919812549,-0.13421028255091605,116.43553924560547,87.32693481445312,0.6360224389506255,0.5534772719580493,0.8955011367797852,0.3628535866737366
cube213_cluster1,0.5614017548218881,-0.19493664112241624,0.5297338115914668,-0.010477628846516896,4.060564994812012,-8.672191619873047,-0.548116037361187,-0.04995534062118465,145.4792938232422,68.70954895019531,0.5126089970331325,0.4398034928488196,0.6375570893287659,0.19144640862941742
cube214_cluster0,0.4542482713915526,-0.32908990536328536,0.5297338115914668,0.010477628846516896,0.8640701770782471,-8.32137680053711,-0.5751047207712254,-0.07396386638967606,117.63980865478516,58.17683410644531,0.5743752846479245,0.3987224892864438,0.49779412150382996,0.18244540691375732
cube216_cluster0,-0.37980879266835554,0.6744252261643203,0.3830470077402303,0.0,12.186163902282715,0.88233482837677,0.00018797481890748806,0.26090636256637173,-171.22238159179688,199.77366638183594,0.05654967970488355,0.26615796413964504,0.9183830618858337,0.4318220615386963
cube223_cluster0,0.4316466129716722,-0.6695068325015737,0.5716443269775344,0.04191051538606758,9.486842155456543,-0.5604075193405151,-0.6396545347143248,-0.13717018696909714,123.41748809814453,88.02387237548828,0.628230427597324,0.60866574547304,0.8301880955696106,0.41677629947662354
cube223_cluster1,0.563140413133113,-0.10076482711267408,0.5087785538984331,-0.02095525769303379,11.948189735412598,-1.0436315536499023,-0.5356271954450919,-0.039849857020746775,149.58360290527344,75.65531158447266,0.4911283181986245,0.39948532658580566,0.9046676158905029,0.40482521057128906
cube224_cluster0,0.5539175720802814,-0.09336748310693911,0.5087785538984331,0.0,-4.836737155914307,1.8434559106826782,-0.5351808932013455,-0.039488110547118954,148.9943389892578,77.9772720336914,0.5004925874106451,0.38424078042664966,0.33117449283599854,0.572138786315918
cube233_cluster0,0.5629032010472315,0.04586078896537942,0.48782329620539927,-0.02095525769303379,7.522189140319824,9.557835578918457,-0.5169198495650174,-0.025038403349137074,148.88754272460938,86.68762969970703,0.46737936334889724,0.3877953448780867,0.8454436659812927,0.8610143065452576
cube234_cluster0,0.5935261243907498,-0.03147671155211482,0.5087785538984331,0.02095525769303379,2.130828380584717,-10.686990737915039,-0.5298458107993209,-0.03494292567898266,152.9365692138672,80.55158233642578,0.48336425115406656,0.37027543391967876,0.5956881046295166,0.08466161042451859
cube254_cluster0,0.3557913268395114,0.6483673620462019,0.46686803851236547,-0.05238814423258448,0.5696325302124023,-6.880189418792725,-0.28161609713839714,0.1444636716853003,46.27846145629883,163.06761169433594,0.2090059923729397,0.25895130426314755,0.5972666144371033,0.24545371532440186
cube255_cluster0,0.33299902921453706,0.5674351345637993,0.44591278081933167,-0.010477628846516896,5.274612903594971,11.10915756225586,-0.28065434056655736,0.14259330027499945,43.7870979309082,160.98219299316406,0.21096659801986326,0.23074878628617662,0.7325934767723083,0.8946512937545776
cube256_cluster0,0.5136054824741353,0.30653172339284146,0.46686803851236547,-0.03143288653955069,-0.0283809844404459,4.417734622955322,-0.430820347808706,0.04077802240324954,125.5919418334961,123.71248626708984,0.3161864899115149,0.33692353748389564,0.5147339701652527,0.6035634875297546
cube257_cluster0,0.5412916891950194,0.3875098023653127,0.48782329620539927,-0.04191051538606758,-10.841304779052734,2.316044569015503,-0.42406497847253427,0.04697261371141867,126.0,128.98085021972656,0.31605792586399517,0.3684512754006213,0.06506781280040741,0.5400747060775757
cube263_cluster0,0.15084335303187626,0.6452511893233118,0.42495752312629786,-0.02095525769303379,-10.424718856811523,4.043938636779785,-0.1841526377433804,0.19910750055780135,-17.826875686645508,173.9783172607422,0.18462342195384976,0.18810203132827638,0.12918677926063538,0.6145628690719604
cube264_cluster0,0.4914699682763149,0.4233055225321717,0.46686803851236547,-0.010477628846516896,-5.980644702911377,7.909968852996826,-0.4103922987110215,0.05628334170505075,118.45907592773438,132.78387451171875,0.28303737833166415,0.3549591652797767,0.3636503517627716,0.7677580118179321
cube270_cluster0,-0.042819640782694346,0.6687969997318123,0.4040022654332641,-0.010477628846516896,-8.462388038635254,-6.6611480712890625,-0.08660275851164953,0.25132529224327765,-82.13835906982422,185.30606079101562,0.1531158167445282,0.1489436942000117,0.04853413626551628,0.10981811583042145
cube272_cluster0,0.24258199407606398,0.5420418238972969,0.4040022654332641,0.010477628846516896,4.742915630340576,0.0396772101521492,-0.01507323485184179,0.5918680870665602,16.559471130371094,156.90916442871094,0.23057726143703616,0.017027697377968685,0.6840232014656067,0.5146536827087402
cube273_cluster0,0.5020681614892087,0.49336357338478026,0.42495752312629786,0.02095525769303379,2.0618784427642822,9.455474853515625,-0.015834517149283935,0.7561667541305808,101.98211669921875,134.28659057617188,0.27688316520020834,-0.010445141084782972,0.5716413855552673,0.8437069654464722
cube277_cluster0,-0.25341128002403485,0.616411393289655,0.3830470077402303,-0.04191051538606758,-0.7745072841644287,10.320960998535156,-0.0105462372197638,0.2617169007404363,-150.53323364257812,195.84312438964844,0.12175427490171721,0.06650800460577212,0.48773762583732605,0.8101444244384766
cube278_cluster0,-0.21155437160490503,0.5993332251630453,0.3830470077402303,-0.02095525769303379,-0.25708889961242676,12.095049858093262,-0.013223237659694327,0.2705384737226483,-143.40032958984375,194.48471069335938,0.11055844236545004,0.06250067502445561,0.5102436542510986,0.9267206788063049
cube279_cluster0,-0.09122099159372953,0.5755880509421771,0.3830470077402303,0.02095525769303379,3.0714528560638428,-9.43136215209961,-0.013802618631867663,0.3262627935711765,-115.78787994384766,187.54164123535156,0.15438273024464094,0.05850353264901872,0.6669277548789978,0.14872683584690094
cube287_cluster0,-0.3329760124398651,0.5747938035392514,0.3620917500471965,-0.02095525769303379,-4.0347723960876465,11.183134078979492,0.0001869048870803821,0.2552764373446366,-159.53636169433594,202.98709106445312,0.09324176453146647,0.04798799026515605,0.36455318331718445,0.865774929523468
cube288_cluster0,-0.3001944797443955,0.5470784246603767,0.3620917500471965,0.0,-3.4542899131774902,-4.887657165527344,0.0005467282996835563,0.2585053633025051,-154.54986572265625,202.90438842773438,0.08164546074746039,0.06542710634927905,0.35028520226478577,0.18902575969696045
cube289_cluster0,-0.27587645049435566,0.5735747704594341,0.3620917500471965,0.02095525769303379,-2.891066551208496,-2.794828176498413,0.0012441228573183496,0.2680274967783648,-158.1266632080078,196.9508056640625,0.10267101103497633,0.09749056758926028,0.4726213216781616,0.39278116822242737
cube296_cluster0,-0.4199552762690686,0.49874879410590456,0.3411364923541627,-0.03143288653955069,1.8424816131591797,-1.1674716472625732,0.012049748759044448,0.23721005163685838,-156.7319793701172,215.6891326904297,0.07093433113700502,0.04473272066159099,0.618929922580719,0.43676629662513733
cube297_cluster0,-0.3934850706603955,0.49733411619593604,0.3411364923541627,-0.010477628846516896,-6.269992351531982,-2.8994944095611572,0.011166804256398152,0.2398413215798681,-158.6556854248047,212.02401733398438,0.05707719866909346,0.06020006031307199,0.2609221637248993,0.4124722182750702
cube298_cluster0,-0.3844841815256842,0.5140074125930267,0.3411364923541627,0.010477628846516896,-2.1181583404541016,10.221771240234375,0.011302791852292686,0.24308146648583714,-161.9405975341797,210.17050170898438,0.06312749270395727,0.09082919461904101,0.41903403401374817,0.9024218320846558
cube299_cluster0,-0.381775394376291,0.5565503066952474,0.3411364923541627,0.03143288653955069,11.628108978271484,2.7312018871307373,0.009899843432932279,0.2486023868206674,-166.41307067871094,207.59169006347656,0.07238860104334141,0.12025572455673104,0.9796162843704224,0.6235688328742981
cube302_cluster0,-0.4814605053429272,0.44525691343032886,0.3201812346611289,-0.03143288653955069,-9.727622985839844,5.7723798751831055,0.020070745080782267,0.22188652479041546,-148.4146728515625,218.89923095703125,0.048811946357145614,0.03794644392050817,0.0831841230392456,0.7329987287521362
cube303_cluster0,-0.4701536491579769,0.43095723951663717,0.3201812346611289,-0.010477628846516896,2.69720458984375,8.260879516601562,0.021071055037531473,0.22025937989682734,-145.80543518066406,214.0646209716797,0.030097933955494233,0.056476483186541665,0.6786854267120361,0.8260228633880615
cube303_cluster1,-0.6255686863115173,0.4107850182048922,0.3201812346611289,0.010477628846516896,-3.049530029296875,-10.498700141906738,0.03629816333278,0.18878175407116457,-118.46941375732422,228.32444763183594,-0.024106361358297107,0.1576643543451176,0.3474513292312622,0.058880094438791275
cube304_cluster0,-0.45963735020055707,0.4607708840579443,0.3201812346611289,0.03143288653955069,2.537224769592285,-7.80217981338501,0.01929153003016057,0.2252203838773797,-153.4660186767578,215.33718872070312,0.03823529146967466,0.07527602333497019,0.6118218302726746,0.12401461601257324
cube310_cluster0,-0.5438130803663889,0.35055388548350697,0.29922597696809516,-0.05238814423258448,6.056576251983643,8.371649742126465,0.03298701775035622,0.19328418432628972,-130.771484375,206.1518096923828,0.002363920486856438,0.044018783024092935,0.7595295310020447,0.7944233417510986
cube310_cluster1,-0.671927816031404,0.32057836675957163,0.29922597696809516,-0.03143288653955069,-2.565984010696411,11.598779678344727,0.04009012661276273,0.17936147050532197,-117.1292953491211,217.79376220703125,-0.04315023619992176,0.14138871456838925,0.4086267948150635,0.9437975287437439
cube311_cluster0,-0.5274652230696432,0.3683736348381285,0.29922597696809516,-0.010477628846516896,-5.920389652252197,10.002949714660645,0.029985545508541888,0.20035336251765906,-136.43190002441406,210.7187042236328,0.010064758512432421,0.05585267632089203,0.17377980053424835,0.942585825920105
cube311_cluster1,-0.6392600160310845,0.3291610297892018,0.29922597696809516,0.010477628846516896,-1.6129626035690308,7.326282978057861,0.04021083324065251,0.17855868350818993,-115.41563415527344,215.1805419921875,-0.014015440409656691,0.09690323684057821,0.4654896855354309,0.7629936337471008
cube312_cluster0,-0.5239506316497199,0.4217981010951225,0.29922597696809516,0.03143288653955069,3.7931432723999023,11.638152122497559,0.024799347767370656,0.2131570314262492,-142.41075134277344,217.35137939453125,0.019901624291619548,0.08353123627289848,0.7528201937675476,0.981209933757782
cube312_cluster1,-0.6597922155712888,0.3331698249720746,0.29922597696809516,0.05238814423258448,8.699151992797852,-7.429384708404541,0.04034747643248345,0.17850195866430496,-107.82019805908203,216.3374786376953,-0.014389682640149738,0.1199301003084197,0.9732779860496521,0.040091123431921005
cube317_cluster0,-0.5984467466663785,0.2691837007990118,0.27827071927506136,-0.03143288653955069,-10.930075645446777,1.3498754501342773,0.042802477042800005,0.1697782195431619,-123.25806427001953,187.65939331054688,0.005420135176019181,0.020471056108153352,0.01597127690911293,0.5432903170585632
cube318_cluster0,-0.5655795009319433,0.28718831563280023,0.27827071927506136,-0.010477628846516896,-10.036969184875488,4.916692733764648,0.040655738837848746,0.17476099900615719,-123.68114471435547,193.55816650390625,-0.01763088121632196,0.044511714432419365,0.03387761861085892,0.6574846506118774
cube319_cluster0,-0.5838158946863626,0.2864516833756031,0.27827071927506136,0.010477628846516896,2.273677349090576,6.919214725494385,0.040897153248266045,0.17465049753540154,-116.12828826904297,200.52609252929688,-0.012837450195533638,0.06047367187949504,0.5349025726318359,0.6665583848953247
cube320_cluster0,-0.6272685951457974,0.2771888940195777,0.27827071927506136,0.03143288653955069,-1.4075785875320435,-3.3961915969848633,0.04249542697114976,0.17155390616309046,-110.70608520507812,201.3146209716797,-0.012942968859752596,0.07423094240083607,0.44134071469306946,0.27247145771980286
cube324_cluster0,-0.5839387731247888,0.22463640184520042,0.25731546158202756,-0.05238814423258448,10.547411918640137,3.945672035217285,0.046551393546502104,0.15965326428542848,-119.24470520019531,176.69430541992188,-0.014998925835731473,0.008886905854697346,0.9496689438819885,0.7282694578170776
cube325_cluster0,-0.5373430232827336,0.21477681707040241,0.25731546158202756,-0.03143288653955069,-9.366087913513184,-4.541338920593262,0.04893147011913843,0.15226436766424054,-113.72763061523438,171.26148986816406,-0.03978640793241605,0.02832215222790571,0.006323937326669693,0.09932776540517807
cube326_cluster0,-0.5795907712651134,0.21530179196305096,0.25731546158202756,-0.010477628846516896,1.9624114036560059,-4.934382438659668,0.047035247118670236,0.15867770274537266,-107.93909454345703,181.9988250732422,-0.036265696873865216,0.06956332905982243,0.6316922307014465,0.2880368232727051
cube326_cluster1,-0.5272624770681371,0.19553235742664052,0.25731546158202756,0.010477628846516896,-3.2716567516326904,8.144000053405762,0.0498777881354035,0.1495195008947617,-118.0592269897461,162.6949005126953,-0.04686958028922998,0.041143082978749884,0.40762168169021606,0.7815310955047607
cube327_cluster0,-0.62084062756386,0.21835663452119974,0.25731546158202756,0.03143288653955069,-3.2155542373657227,11.064828872680664,0.04584887482192877,0.16250354720839308,-106.23158264160156,189.84393310546875,-0.028741605734915285,0.08909499738798025,0.35414552688598633,0.9258086085319519
cube327_cluster1,-0.5578844215270803,0.16501486478460928,0.25731546158202756,0.05238814423258448,8.407217025756836,2.821143627166748,0.051236926765811305,0.14638812501182988,-118.3712158203125,159.2959442138672,-0.06059402103114376,0.065356084899273,0.7204521298408508,0.5519264340400696
cube330_cluster0,-0.4835224408675798,0.1768861261409545,0.23636020388899376,-0.05238814423258448,-9.061236381530762,-1.5375741720199585,0.05467061087271137,0.13510889313998672,-112.9990005493164,146.32691955566406,-0.05409132159260849,0.02643461086865907,0.18096484243869781,0.4095913767814636
cube331_cluster0,-0.47133342797196276,0.16163455322412623,0.23636020388899376,-0.010477628846516896,4.395206451416016,10.979752540588379,0.05530206725091583,0.13303920288864793,-114.43875885009766,145.22012329101562,-0.062473291099172316,0.03144444920750691,0.7628818154335022,0.9907968044281006
cube331_cluster1,-0.5405596644300016,0.16728981547591903,0.23636020388899376,-0.03143288653955069,-8.582042694091797,-5.686087131500244,0.053485026434425306,0.14029899747411978,-103.22211456298828,158.62974548339844,-0.07225573815637984,0.0665546461222316,0.07365237176418304,0.13475260138511658
cube332_cluster0,-0.6022533184785424,0.15726841301824696,0.23636020388899376,0.010477628846516896,4.727806568145752,9.105331420898438,0.05234601521793451,0.1446668975964784,-98.21998596191406,166.3788604736328,-0.06592169697063399,0.10419090763106145,0.7400447130203247,0.833781361579895
cube336_cluster0,-0.4081422093842505,0.1572212956069732,0.21540494619595998,-0.02095525769303379,-8.547440528869629,7.7250237464904785,0.06001340009874395,0.11788638272470461,-113.80359649658203,126.0104751586914,-0.06475277825032352,0.01587879565605163,0.08877285569906235,0.8294179439544678
cube336_cluster1,-0.41495856440873363,0.17147126457369913,0.21540494619595998,-0.04191051538606758,6.754971027374268,3.5533523559570312,0.06278932067713722,0.11003196249816166,-108.18435668945312,114.76910400390625,-0.11257463930877468,0.04549792836974425,0.7867323160171509,0.688221275806427
cube337_cluster0,-0.4026467772892766,0.14780707451279204,0.21540494619595998,0.0,-4.584023952484131,-1.5390855073928833,0.06021840156279817,0.11718786222390774,-114.11177062988281,121.76200103759766,-0.07113983440039284,0.02234156282867036,0.33992642164230347,0.4445406496524811
cube337_cluster1,-0.5113703779471348,0.13918124463452242,0.21540494619595998,0.02095525769303379,-4.431973934173584,10.152874946594238,0.05707842899204002,0.12997833155873764,-98.84294891357422,143.85189819335938,-0.09689927805499861,0.08871935686226311,0.3663361370563507,0.8404660820960999
cube338_cluster0,-0.5591122027691973,0.11845086892463079,0.23636020388899376,0.03143288653955069,-4.471471309661865,-3.5741889476776123,0.05623008199798069,0.13360519163760376,-93.92212677001953,150.310302734375,-0.1081908668166905,0.11617001191093032,0.3283221423625946,0.3225749731063843
cube341_cluster0,-0.316620332485887,0.19121344388557285,0.19444968850292618,-0.02095525769303379,8.830613136291504,8.54543399810791,0.06928625785790639,0.08762434468450193,-113.47416687011719,83.25264739990234,-0.10176415270520316,0.03039340551688787,0.9352908730506897,0.9199873208999634
cube342_cluster0,-0.3191031483794848,0.16035997834535048,0.19444968850292618,0.0,10.477126121520996,6.203750133514404,0.06819527609302102,0.09067100771966982,-112.71036529541016,90.59550476074219,-0.09351154919245255,0.011377348808345443,0.9686741232872009,0.8075489401817322
cube343_cluster0,-0.3098686478051067,0.14942955810547665,0.19444968850292618,0.02095525769303379,-7.720733165740967,-7.216428756713867,0.06768090233360471,0.09214517773632139,-113.79071044921875,91.22500610351562,-0.07975482024814948,0.008860228276265595,0.08691561967134476,0.09091055393218994
cube343_cluster1,-0.46597190607474687,0.12655800265637038,0.21540494619595998,0.04191051538606758,1.485953688621521,10.773553848266602,0.06067830845690092,0.11881724917214671,-97.94023132324219,127.74606323242188,-0.13453686188972397,0.06968210385479144,0.5570820569992065,0.8561837673187256
cube344_cluster0,-0.5760658811664432,0.10040040871861278,0.23636020388899376,0.05238814423258448,8.424653053283691,4.509035110473633,0.05767733523663213,0.13005387080973282,-90.18279266357422,144.2740020751953,-0.13834377000042516,0.13783643103846047,0.8841978907585144,0.6368486881256104
cube346_cluster0,-0.1792145624354677,0.1923138876729737,0.17349443080989238,-0.02095525769303379,10.516993522644043,-5.126343250274658,0.08061799765231252,0.04704722768863607,-117.98149108886719,31.821359634399414,-0.09546521789279419,-0.0139729181291206,0.9558045864105225,0.15188559889793396
cube347_cluster0,-0.1829353539895045,0.17274077539650454,0.17349443080989238,0.0,-6.16273832321167,-4.373178958892822,0.07984114394591552,0.049598165571842955,-116.00799560546875,34.9722900390625,-0.1090550372960032,-0.007042280569919071,0.22158092260360718,0.33249515295028687
cube348_cluster0,-0.18125282933671621,0.16079562821644808,0.17349443080989238,0.02095525769303379,-5.264397144317627,-5.554088115692139,0.07975821016077626,0.04987986058652072,-116.04871368408203,36.6702995300293,-0.11355715543123111,0.009086925303856304,0.2568049132823944,0.312205046415329
cube351_cluster0,-0.10802898531460024,0.19413609639962523,0.1525391731168586,-0.03143288653955069,-10.473311424255371,-2.174330949783325,0.08457732271257412,0.032765003493834904,-118.34160614013672,13.835269927978516,-0.10571124799515402,-0.02096059281939221,0.1184455156326294,0.37534013390541077
cube352_cluster0,-0.07262705613189523,0.18089415942239945,0.1525391731168586,-0.010477628846516896,-10.857893943786621,0.35252663493156433,0.08635439038562905,0.026040331061929885,-113.68771362304688,4.828526496887207,-0.12086316359179758,-0.014594032991954648,0.029773997142910957,0.5377816557884216
cube353_cluster0,-0.08302665123846932,0.17042245141682563,0.1525391731168586,0.010477628846516896,11.801740646362305,-0.17187802493572235,0.0857571773386891,0.028228301152750327,-113.1723403930664,6.234771728515625,-0.12196693589244793,-0.004768213033559371,0.9458283185958862,0.44512519240379333
cube353_cluster1,-0.022871027978988098,0.2182006728664323,0.1525391731168586,0.03143288653955069,3.361344337463379,3.210409164428711,0.08924912696930873,0.015649701872337468,-121.14763641357422,-11.30942440032959,-0.1317859081111435,0.0016136956458922024,0.6241532564163208,0.6118123531341553
cube355_cluster0,-0.001044687833636717,0.20226725931062803,0.1315839154238248,-0.06286577307910138,9.72274398803711,4.944917678833008,0.08965443057663258,0.014093750304228452,-116.14142608642578,-7.467319488525391,-0.1506025508047864,0.015245103730871672,0.9333791732788086,0.7345190644264221
cube356_cluster0,0.0038418614133385424,0.17088442634911763,0.1315839154238248,-0.04191051538606758,7.054530143737793,-2.9985740184783936,0.08981796970403244,0.013138836225005484,-111.2046127319336,-17.390758514404297,-0.12764809492098,-0.017661532662251973,0.8248209357261658,0.335849404335022
cube357_cluster0,0.016617934833143597,0.17634584874371506,0.1315839154238248,-0.02095525769303379,9.41541862487793,-5.250922203063965,0.09058737989060589,0.010303149605038042,-109.33213806152344,-19.765689849853516,-0.1384047485762149,-0.01060110336954768,0.9074646234512329,0.1852092295885086
cube357_cluster1,0.02999144812023331,0.20661648264749116,0.1315839154238248,0.0,-3.039550304412842,6.010744571685791,0.09103334258672162,0.00887881410843704,-117.64459228515625,-24.865493774414062,-0.1419947065091311,-0.005370776863525506,0.4079822599887848,0.73745197057724
cube358_cluster0,0.0672414147503347,0.25096836082733687,0.1315839154238248,0.02095525769303379,-5.2079033851623535,10.609888076782227,0.09262740713269726,0.0032547464104112083,-119.9124526977539,-35.948486328125,-0.16232089942126057,0.0060449653176843,0.3334563672542572,0.8861342072486877
cube358_cluster1,0.05000624519101639,0.22485361829305264,0.1315839154238248,0.06286577307910138,9.419181823730469,-6.829833984375,0.09246119968910095,0.0036971006829336866,-107.75691986083984,-30.526994705200195,-0.1795214545762633,0.024163730201266276,0.8606558442115784,0.16511811316013336
cube360_cluster0,0.14979218973065683,0.1412469183859772,0.11062865773079102,-0.06286577307910138,-5.372724533081055,-9.290326118469238,0.09791378736702334,-0.018345494835767664,-97.0003433227539,-64.63179779052734,-0.12621438551937064,-0.05264071826635693,0.23074594140052795,0.052434880286455154
cube360_cluster1,0.13860218245382414,0.16489003197175695,0.11062865773079102,-0.04191051538606758,10.338227272033691,-3.3386940956115723,0.09646132934529736,-0.01236035810213249,-100.93152618408203,-53.85635757446289,-0.19568698382633729,-0.014041396190990294,0.8587208390235901,0.3392249047756195
cube361_cluster0,0.10520496584290245,0.13408702288737254,0.11062865773079102,-0.02095525769303379,-1.545448660850525,-5.621912002563477,0.09555478514837555,-0.009061014335289188,-99.92361450195312,-47.269203186035156,-0.14581246649790613,-0.03818347777180268,0.39324674010276794,0.27036547660827637
cube361_cluster1,0.13086513950270046,0.1297497078627637,0.11062865773079102,0.0,-9.423755645751953,-0.5679880380630493,0.09732373752395618,-0.01606236942940132,-100.05561065673828,-58.592044830322266,-0.1482945554752754,-0.048937007212396494,0.12322788685560226,0.4569392502307892
cube362_cluster0,0.11027792853900042,0.1813707105418262,0.11062865773079102,0.02095525769303379,-8.510797500610352,2.438232660293579,0.09462817618114051,-0.005029508729783307,-111.7320785522461,-44.71943664550781,-0.15484063551035887,-0.022562429601290113,0.23471705615520477,0.5631532073020935
cube362_cluster1,0.09531138154407957,0.15814877426776391,0.11062865773079102,0.04191051538606758,-6.815060138702393,0.26514750719070435,0.09452186704431204,-0.004847236913169517,-102.50340270996094,-41.110145568847656,-0.15961541148070751,-0.02306836945175178,0.20276504755020142,0.511387288570404
cube363_cluster0,0.08811694285763517,0.2529011436812265,0.1315839154238248,0.04191051538606758,10.605417251586914,-0.49023666977882385,0.0928535983634073,0.0024332827459805704,-120.27706146240234,-32.68607711791992,-0.17478877372939636,0.004181762164114103,0.9483258724212646,0.3718337118625641
cube363_cluster1,0.10350812445156546,0.20404824959554152,0.11062865773079102,0.06286577307910138,8.155226707458496,-8.112333297729492,0.09407081538136043,-0.002693328120837817,-104.26766967773438,-39.12238693237305,-0.1869666336740172,-0.003956265138567161,0.9542191028594971,0.057205915451049805
cube365_cluster0,0.17915912496665193,0.07160763509712618,0.08967340003775723,-0.03143288653955069,0.865320086479187,1.9532579183578491,0.09964605837775256,-0.02557614090712581,-84.8198471069336,-74.78055572509766,-0.15789619006512923,-0.05513542853436589,0.5488051176071167,0.5997974872589111
cube366_cluster0,0.17442327516168427,0.07551369737319598,0.08967340003775723,-0.010477628846516896,5.931466102600098,6.2426018714904785,0.09931711303471523,-0.024234491810504282,-87.2863998413086,-72.8424301147461,-0.15419243371162047,-0.056920740829161875,0.9617533087730408,0.9251851439476013
cube367_cluster0,0.17052062140173865,0.10824096447251612,0.08967340003775723,0.010477628846516896,0.5827803611755371,7.654855728149414,0.09826286114515359,-0.019844442460610498,-90.70452117919922,-62.201725006103516,-0.16350392396375335,-0.044730536217898,0.5109061002731323,0.7594861388206482
cube367_cluster1,0.2036808621480313,0.10923490837519943,0.08967340003775723,0.03143288653955069,10.86572265625,5.375670433044434,0.0989071831048518,-0.022301383990961855,-96.24073791503906,-73.21932220458984,-0.1779298351335859,-0.039305472863054115,0.9759052991867065,0.7365002632141113
cube371_cluster0,0.19316427269958925,-0.0031677956052347587,0.06871814234472343,-0.03143288653955069,8.194687843322754,9.126129150390625,0.1018493002199479,-0.034797498972256376,-78.96737670898438,-80.76062774658203,-0.15152533363436416,-0.0630088855799597,0.9539559483528137,0.9388939738273621
cube372_cluster0,0.20288431046665029,0.0010003689691894541,0.06871814234472343,-0.010477628846516896,-0.8597332835197449,5.98722505569458,0.10175766589557167,-0.03439652800396976,-76.57842254638672,-80.46083068847656,-0.15579826230326396,-0.06334828314795804,0.4817671477794647,0.6598942279815674
cube373_cluster0,0.2507421721858333,-0.001992199199784188,0.06871814234472343,0.010477628846516896,-8.108915328979492,1.0504300594329834,0.10230727277437383,-0.03650412000591092,-80.80408477783203,-85.16626739501953,-0.1268643981269214,-0.06459145685186947,0.17984963953495026,0.43702346086502075
cube373_cluster1,0.23559030022475855,0.04087208298888032,0.06871814234472343,0.03143288653955069,9.8742036819458,2.9894161224365234,0.10099721925084675,-0.031022752033482884,-83.50244903564453,-80.4609146118164,-0.14046758951194957,-0.05738934194951968,0.8661242127418518,0.5772320628166199
cube377_cluster0,0.18346259940053902,-0.08372093254894447,0.04776288465168964,-0.03143288653955069,-4.618215560913086,-7.187211036682129,0.10449398704499739,-0.0460669839335153,-61.49306106567383,-95.81978607177734,-0.15311363025671193,-0.07112723211544585,0.2794536054134369,0.12278925627470016
cube378_cluster0,0.19743918271045086,-0.07943969362139051,0.04776288465168964,-0.010477628846516896,-5.999294281005859,-6.5408124923706055,0.10434387668238143,-0.045395229731201886,-61.098411560058594,-95.35549926757812,-0.15742974085471173,-0.07011865380262655,0.23185519874095917,0.12499256432056427
cube379_cluster0,0.22551366276098087,-0.10183632285831413,0.04776288465168964,0.010477628846516896,-8.317992210388184,-3.4663236141204834,0.10460686113203543,-0.04636106026781453,-62.44352722167969,-98.25615692138672,-0.13857283589726763,-0.07096771330526203,0.23378042876720428,0.3835799992084503
cube379_cluster1,0.27972462014961863,-0.03747603403932741,0.04776288465168964,0.03143288653955069,-9.201255798339844,6.53181266784668,0.10296676897374824,-0.03910018798923839,-74.7795639038086,-95.07461547851562,-0.19988106360477037,-0.046393386348798596,0.04289853200316429,0.8387107253074646
cube381_cluster0,0.14076596122934548,-0.15257221842518276,0.026807626958655847,-0.02095525769303379,-2.669613838195801,-0.9687198996543884,0.10733613251526336,-0.05839481290207759,-44.09672546386719,-97.031982421875,-0.1579704739797218,-0.07844459502252565,0.4038102626800537,0.5673689842224121
cube382_cluster0,0.1505940817052294,-0.15416018596836079,0.026807626958655847,0.0,1.51799476146698,-9.407267570495605,0.10720561994682143,-0.05780959378837294,-45.92216873168945,-97.72589111328125,-0.1610656670889503,-0.07701168894161917,0.6361340284347534,0.13284200429916382
cube383_cluster0,0.18991267740471127,-0.16199083233455971,0.026807626958655847,0.02095525769303379,-9.36159610748291,-5.546569347381592,0.10630607818281579,-0.05367628736152282,-55.334625244140625,-102.78669738769531,-0.13050947213321468,-0.08074610376478228,0.08270761370658875,0.15653221309185028
cube385_cluster0,0.09020368016436534,-0.18749342671486513,0.005852369265622055,-0.03143288653955069,9.951299667358398,-6.119570732116699,0.10923087899996554,-0.0667369733525749,-37.91639709472656,-106.99759674072266,-0.16128462420173462,-0.08248717108587121,0.9862247109413147,0.10451523959636688
cube386_cluster0,0.09170228662309096,-0.19890284913475323,0.005852369265622055,-0.010477628846516896,-1.2683607339859009,8.565055847167969,0.10928444214829264,-0.06695590105705174,-29.188358306884766,-107.61766052246094,-0.16388329370811391,-0.082075027478363,0.4226559102535248,0.8750623464584351
cube387_cluster0,0.115467552997259,-0.24042636742212553,0.005852369265622055,0.010477628846516896,1.1601123809814453,-10.99902629852295,0.10941807030844661,-0.06732961989150282,-35.38178253173828,-110.3968505859375,-0.1859500332636921,-0.06655004446936703,0.5842756628990173,0.017533671110868454
cube387_cluster1,0.09760234432985748,-0.26429995370456266,0.005852369265622055,0.03143288653955069,10.385632514953613,-1.926504373550415,0.10956872127504141,-0.06793164244657816,-33.28960418701172,-113.41053771972656,-0.1898667284970097,-0.06850253004816764,0.8887025713920593,0.38414767384529114
cube389_cluster0,0.03417922526063995,-0.20387532871884897,-0.015102888427411736,-0.03143288653955069,-7.78662109375,-4.702381610870361,0.11081147805790409,-0.07380149990651394,-20.73456573486328,-98.58998107910156,-0.16177433015389286,-0.08696377652873803,0.1677302122116089,0.33717983961105347
cube390_cluster0,0.031514462789133973,-0.21775476990934584,-0.015102888427411736,-0.010477628846516896,2.925870418548584,-10.579784393310547,0.11086135452700037,-0.07400266812283737,-17.88384246826172,-104.86637878417969,-0.16469065640500027,-0.08665595340749029,0.5941481590270996,0.03774518147110939
cube391_cluster0,0.022662050918218095,-0.26715081988821526,-0.015102888427411736,0.010477628846516896,5.0537495613098145,3.28879451751709,0.11114835095627373,-0.07512751647759283,-19.768489837646484,-109.17491149902344,-0.1395805879997883,-0.08792934242456764,0.6433085203170776,0.6101064085960388
cube391_cluster1,0.020916010335481527,-0.2910158995817326,-0.015102888427411736,0.03143288653955069,-7.767076015472412,-1.9048374891281128,0.1110917812390022,-0.07473662335378771,-20.84612464904785,-116.49748992919922,-0.2001066064262817,-0.07181622670492893,0.2287939190864563,0.42601776123046875
cube392_cluster0,-0.041202210251002,-0.20402129414163978,-0.03605814612044553,-0.03143288653955069,-6.2593674659729,-8.82925796508789,0.11303378922549191,-0.08389858167635444,-10.007474899291992,-105.76216125488281,-0.16750035685104744,-0.09307486465483047,0.19351495802402496,0.021329838782548904
cube393_cluster0,-0.04690067745999529,-0.21517221678600545,-0.03605814612044553,-0.010477628846516896,0.3800840675830841,-3.199960470199585,0.11301473189693421,-0.083786176230499,-9.117380142211914,-104.89492797851562,-0.16483528372925935,-0.09358347175633576,0.583919882774353,0.4453570544719696
cube394_cluster0,-0.0573938118730538,-0.252105916967754,-0.03605814612044553,0.010477628846516896,8.34805679321289,-5.838784217834473,0.11297566925678436,-0.08347222033158033,-5.774826526641846,-107.3161392211914,-0.1473572870598534,-0.09371387621688247,0.8420566320419312,0.19905565679073334
cube394_cluster1,-0.06629260248788235,-0.280533259543244,-0.03605814612044553,0.03143288653955069,-3.4549872875213623,4.517102241516113,0.11303048279758272,-0.08357898492315977,-4.6802496910095215,-113.96195220947266,-0.2026995488910445,-0.08110754659439551,0.4405990540981293,0.6674545407295227
cube395_cluster0,-0.09336250454864008,-0.18108124341695297,-0.057013403813479316,-0.03143288653955069,-10.445696830749512,-3.1613123416900635,0.11434838886780399,-0.0899692938629211,7.183069705963135,-88.9416732788086,-0.16486189684181277,-0.09779341348115243,0.06833463162183762,0.35533663630485535
cube396_cluster0,-0.09515650729245068,-0.19365898671858006,-0.057013403813479316,-0.010477628846516896,4.134249687194824,-6.9028801918029785,0.11425522289796576,-0.08951953255292965,5.8350911140441895,-93.37846374511719,-0.16674388177105512,-0.09716801075640452,0.6860362887382507,0.2450719028711319
cube397_cluster0,-0.1141729572033993,-0.23438817057977512,-0.057013403813479316,0.010477628846516896,-3.0417511463165283,0.7150891423225403,0.11393724407346173,-0.0878772231681721,4.36506986618042,-104.05559539794922,-0.1408674324659075,-0.1003990687206722,0.363977313041687,0.5773636698722839
cube397_cluster1,-0.11460124040118985,-0.2534343150034338,-0.057013403813479316,0.03143288653955069,-3.1623198986053467,9.56991958618164,0.11392719043426092,-0.08776874192067577,3.6095259189605713,-107.72693634033203,-0.18995767219227275,-0.08814742745653775,0.40943560004234314,0.8767815232276917
cube398_cluster0,-0.1287465168484592,-0.15082400232653828,-0.0779686615065131,-0.02095525769303379,7.265735149383545,7.887728214263916,0.11541714171958631,-0.09497538933344334,2.4548003673553467,-97.5134048461914,-0.1657616271027958,-0.10105126754715212,0.8598812818527222,0.8339768648147583
cube399_cluster0,-0.13552688552691186,-0.1568589370003716,-0.0779686615065131,0.0,-3.1220695972442627,-6.5203022956848145,0.11543259319368483,-0.09504116929112841,4.9308600425720215,-95.30322265625,-0.16766002214654546,-0.10074223113980421,0.4262711703777313,0.19012999534606934
cube400_cluster0,-0.19488231010262222,-0.18440001033765294,-0.0779686615065131,0.02095525769303379,3.6741788387298584,-1.7845900058746338,0.11584946338257697,-0.0967878224233606,15.650068283081055,-96.51597595214844,-0.20455264605725282,-0.09157547826173815,0.6388630867004395,0.42815497517585754
cube402_cluster0,-0.1577704261952029,-0.11837833292975537,-0.0989239191995469,-0.02095525769303379,1.0705417394638062,5.811745643615723,0.1166512220971696,-0.10082061731509284,19.30311393737793,-76.28593444824219,-0.1684629095467034,-0.10475323647035067,0.5058070421218872,0.6510515809059143
cube403_cluster0,-0.1675983371769385,-0.12095347733374731,-0.0989239191995469,0.0,8.203465461730957,7.294833183288574,0.11669785134321653,-0.10103398845851133,19.205242156982422,-78.32574462890625,-0.16651024038542514,-0.10514070606333371,0.9399415254592896,0.8082497119903564
cube404_cluster0,-0.21458905504757672,-0.13065508221171052,-0.0989239191995469,0.02095525769303379,-7.193791389465332,7.6495680809021,0.11699293831363683,-0.10230956874208054,20.638418197631836,-86.80409240722656,-0.1481980591572835,-0.1065936390734698,0.12321663647890091,0.9074621796607971
cube406_cluster0,-0.1727903056156905,-0.09029275109503934,-0.1198791768925807,-0.02095525769303379,4.197141647338867,-3.67055606842041,0.11778753751090602,-0.1062642869223288,15.792455673217773,-82.75325775146484,-0.16691082031013196,-0.1094247567670611,0.6770673394203186,0.31942519545555115
cube407_cluster0,-0.18267651694458353,-0.09156684622530664,-0.1198791768925807,0.0,7.908806800842285,0.26809537410736084,0.11774303098495964,-0.10603941856232812,11.78060245513916,-75.73580932617188,-0.16841167032401916,-0.1082745964454497,0.7299929857254028,0.4749639332294464
cube408_cluster0,-0.22081289387426356,-0.0942808277484853,-0.1198791768925807,0.02095525769303379,1.6773427724838257,0.522309422492981,0.11770114168014159,-0.10572614401254991,21.48834228515625,-80.31758880615234,-0.15308723510244582,-0.1108232507488329,0.5610325932502747,0.5718246698379517
cube409_cluster0,-0.16086158431414832,-0.06978719800946906,-0.14083443458561448,-0.02095525769303379,-9.45475959777832,-2.9054758548736572,0.11887245257187166,-0.11152119208232902,27.282814025878906,-71.58391571044922,-0.1689216719080302,-0.1127751503631285,0.1514892429113388,0.3619821071624756
cube410_cluster0,-0.170758104087496,-0.07093711995421674,-0.14083443458561448,0.0,-1.5872300863265991,-10.819844245910645,0.11882238207158335,-0.11127067682557062,20.31249237060547,-59.70601272583008,-0.17060435079083938,-0.111550394587714,0.43573474884033203,0.057725097984075546
cube411_cluster0,-0.2256853123101849,-0.0629355806642092,-0.14083443458561448,0.02095525769303379,6.143650531768799,-5.22273588180542,0.11847349302816598,-0.10941313886268053,24.860626220703125,-72.74251556396484,-0.1964009380746876,-0.1061596453354104,0.7237325310707092,0.3268047571182251
cube412_cluster0,-0.13403153025087577,-0.07735008167602116,-0.16178969227864828,-0.010477628846516896,-1.0385464429855347,11.45361328125,0.12001992004882618,-0.1171320793706476,20.575706481933594,-47.27299880981445,-0.17062086460457673,-0.11624688296376591,0.4768528640270233,0.9480578303337097
cube413_cluster0,-0.14021562587629638,-0.07911009269828315,-0.16178969227864828,0.010477628846516896,7.575698375701904,-4.470790386199951,0.11999790786243707,-0.11702211361760684,20.410232543945312,-65.52029418945312,-0.17246637614854093,-0.11536622790835813,0.8679683208465576,0.2730961740016937
cube415_cluster0,-0.1133011204601313,-0.10248185830670753,-0.18274494997168206,-0.010477628846516896,-3.3807003498077393,2.9286999702453613,0.12097709693609886,-0.12184638452217063,23.459075927734375,-60.85047149658203,-0.17162973704826365,-0.119186689824974,0.4002717137336731,0.5712342262268066
cube416_cluster0,-0.11925209192299092,-0.10803764883767099,-0.18274494997168206,0.010477628846516896,-8.380887985229492,6.876049995422363,0.12099674015848186,-0.12194124639847448,24.39482307434082,-40.658164978027344,-0.17343778913437138,-0.1188002858265168,0.11948192119598389,0.7961843609809875
cube418_cluster0,-0.09322782835715392,-0.13299265206059904,-0.20370020766471586,-0.02095525769303379,-4.894564151763916,-8.410494804382324,0.12187272486882518,-0.12628871754558094,22.694114685058594,-31.767154693603516,-0.17214092534042683,-0.12224079237927411,0.32375195622444153,0.11562865227460861
cube419_cluster0,-0.1013022408474449,-0.1390309702805199,-0.20370020766471586,0.0,7.106844425201416,1.5182377099990845,0.12188826126155697,-0.12636083023191907,23.82079315185547,-49.9211540222168,-0.17405823581036586,-0.1219210013112621,0.7071998715400696,0.5149082541465759
cube420_cluster0,-0.16336543051212898,-0.18770206824409286,-0.20370020766471586,0.02095525769303379,-10.536985397338867,3.1364409923553467,0.12233117281929605,-0.12832931095184597,33.980228424072266,-44.362937927246094,-0.221654164894185,-0.11950934911415424,0.027100400999188423,0.5627835988998413
cube422_cluster0,-0.06823914109284819,-0.1641675845010764,-0.22465546535774966,-0.02095525769303379,3.8135182857513428,-10.516845703125,0.12285095423802084,-0.1311787275607348,23.44833755493164,-44.05020523071289,-0.17283586286859856,-0.12573007971343542,0.7642088532447815,0.031042667105793953
cube423_cluster0,-0.07677569699788979,-0.17019746708258474,-0.22465546535774966,0.0,2.467176914215088,-6.415487289428711,0.1228451607983267,-0.13114350066990368,20.479969024658203,-27.787460327148438,-0.17479918345787046,-0.12559856057653515,0.6575876474380493,0.2501419186592102
cube424_cluster0,-0.13637903005200513,-0.21849000540108265,-0.22465546535774966,0.02095525769303379,-2.8502955436706543,-9.390243530273438,0.12299299739584624,-0.13168644769292875,32.14131164550781,-38.243797302246094,-0.21197849321780263,-0.1246430473230602,0.4352762997150421,0.07216741889715195
cube426_cluster0,-0.04314176962511888,-0.1939039033772133,-0.24561072305078344,-0.010477628846516896,1.923560380935669,11.840230941772461,0.12373672290868498,-0.13564094952307132,25.165983200073242,-35.83230972290039,-0.17364709150783417,-0.12903372659678097,0.5322285294532776,0.9388288855552673
cube427_cluster0,-0.04972963629019135,-0.19690103893922778,-0.24561072305078344,0.010477628846516896,-3.825688362121582,-9.9440279006958,0.1237170363529767,-0.13553828775120116,18.05613136291504,-19.92426109313965,-0.171821743555335,-0.12874418108563088,0.30481570959091187,0.06353738158941269
cube429_cluster0,-0.01543192216261599,-0.22004824605106918,-0.2665659807438172,-0.010477628846516896,6.806643962860107,10.296262741088867,0.1246733296732139,-0.14039042549189587,14.38953685760498,-9.329380989074707,-0.17290279590826252,-0.13247259180033033,0.8482263088226318,0.9475935697555542
cube430_cluster0,-0.019667800102121977,-0.22616795012119845,-0.2665659807438172,0.010477628846516896,0.3852064311504364,11.30880355834961,0.12467410682282953,-0.1403934761532828,20.78024673461914,-29.154741287231445,-0.17484711514053,-0.1324884269640902,0.4910707473754883,0.9085094928741455
cube432_cluster0,0.010875751805421921,-0.2409976466596035,-0.287521238436851,-0.010477628846516896,9.513903617858887,6.493500232696533,0.12543367380402637,-0.14426707601224942,19.89946937561035,-27.07200813293457,-0.1726882877731087,-0.1353057028612968,0.9086403846740723,0.7345191836357117
cube433_cluster0,0.00765277468123638,-0.24640886634082831,-0.287521238436851,0.010477628846516896,7.6681718826293945,-6.592936992645264,0.12542117638558456,-0.144202473627933,13.177115440368652,-2.194178581237793,-0.174297983112894,-0.13545221895730084,0.8313273191452026,0.1620042324066162
cube435_cluster0,0.036730387709078605,-0.25418217529175363,-0.3084764961298848,-0.010477628846516896,11.256736755371094,0.7492288947105408,0.12600524982056963,-0.14719590520786402,11.422468185424805,4.7587480545043945,-0.17214928867686902,-0.13735211132383457,0.8455390930175781,0.41564232110977173
cube436_cluster0,0.03643192566250742,-0.2586552411417956,-0.3084764961298848,0.010477628846516896,-6.409581661224365,2.318631172180176,0.12601533686449792,-0.1472469975941456,17.5013370513916,-20.508281707763672,-0.1735591385935891,-0.13793309086446237,0.28668704628944397,0.5618622899055481
cube437_cluster0,0.07184634266984481,-0.25793887474168803,-0.3294317538229186,-0.010477628846516896,9.448888778686523,1.1766746044158936,0.12670963558120613,-0.15082292192476043,15.186792373657227,-14.212895393371582,-0.17147193473545475,-0.1401684597769779,0.8574932217597961,0.4331686496734619
cube438_cluster0,0.07093679426016672,-0.26585960450874724,-0.3294317538229186,0.010477628846516896,-9.912724494934082,-4.002829551696777,0.126700422991646,-0.15077451027912137,12.356738090515137,5.327380180358887,-0.1697527603439809,-0.1391778935906635,0.07776876538991928,0.28727829456329346
cube440_cluster0,0.11494666323234556,-0.254550044893242,-0.3503870115159524,-0.010477628846516896,-8.009723663330078,5.361209392547607,0.12762309992232956,-0.155548400436825,13.578289031982422,15.546942710876465,-0.16977212580782516,-0.14344844232993434,0.28531092405319214,0.697051465511322
cube441_cluster0,0.1155004092394721,-0.26165069443273,-0.3503870115159524,0.010477628846516896,10.668914794921875,1.8756670951843262,0.12761716324939834,-0.1555166966476358,12.246501922607422,-5.238306045532227,-0.1676017897650224,-0.14288293015938897,0.9550659656524658,0.5501474142074585
cube443_cluster0,0.15324222894994158,-0.24610725495771854,-0.37134226920898616,-0.010477628846516896,-9.033875465393066,4.877513408660889,0.1282225348445674,-0.15866218454478206,12.7044677734375,-4.8543806076049805,-0.1693613164973203,-0.14579653364270356,0.2536125183105469,0.7031298875808716
cube444_cluster0,0.15487712284548613,-0.2502443810876856,-0.37134226920898616,0.010477628846516896,-7.2289509773254395,-7.915032386779785,0.12823176169723546,-0.15870953441976893,14.040462493896484,20.443439483642578,-0.16762187497890893,-0.1456506986328484,0.14772701263427734,0.06162909418344498
cube446_cluster0,0.18772416894911823,-0.23186137078284533,-0.39229752690201997,-0.010477628846516896,2.200049877166748,-3.223970890045166,0.12877976454454498,-0.16156829747430235,14.426098823547363,27.05518913269043,-0.16918059880730452,-0.14817610356135338,0.6490077376365662,0.375752329826355
cube447_cluster0,0.18922470918239903,-0.2363705136686613,-0.39229752690201997,0.010477628846516896,-0.7928826212882996,-10.510507583618164,0.12877763203279047,-0.16155656760099704,13.619011878967285,2.0961294174194336,-0.16739384139570207,-0.1480853179175652,0.45080772042274475,0.07398244738578796
cube449_cluster0,0.2201292352106532,-0.2083820435823048,-0.41325278459505377,-0.010477628846516896,-1.5623425245285034,3.5162534713745117,0.12934700534528412,-0.16453785473800392,18.45447540283203,6.460428237915039,-0.16927931838358143,-0.1506484012006611,0.47968780994415283,0.6061441898345947
cube450_cluster0,0.22369910736051654,-0.21043093201998478,-0.41325278459505377,0.010477628846516896,7.19705867767334,-8.097450256347656,0.12935960884613995,-0.16460340103518584,15.03993034362793,26.9761905670166,-0.1671336289814907,-0.1509468858724239,0.9825118780136108,0.02146988920867443
cube452_cluster0,0.23929384789295988,-0.1716127934301916,-0.43420804228808757,-0.010477628846516896,-0.43571627140045166,-1.5300594568252563,0.13008320518741578,-0.1684057010337194,7.641117095947266,22.697147369384766,-0.1705683167543468,-0.15404574469899684,0.5167467594146729,0.48676711320877075
cube453_cluster0,0.24622173471613118,-0.17379268373827453,-0.43420804228808757,0.010477628846516896,2.949059247970581,10.732831001281738,0.13006950990586794,-0.16833310565759516,27.67342758178711,22.893102645874023,-0.16871207069776983,-0.15429334865763228,0.6251412034034729,0.8531734347343445
cube455_cluster0,0.24438857790326773,-0.13318850520078512,-0.45516329998112137,-0.010477628846516896,-0.5733609199523926,0.2522796392440796,0.1306318470797992,-0.17129731820434993,33.80306625366211,26.753183364868164,-0.171239592799291,-0.15663432176139253,0.49803289771080017,0.5725811719894409
cube456_cluster0,0.25197201679481684,-0.13406565826097488,-0.45516329998112137,0.010477628846516896,0.39535802602767944,9.428534507751465,0.1306257170556015,-0.17126437926912114,12.804530143737793,19.234525680541992,-0.17307764710178858,-0.15587500809769886,0.5025545358657837,0.7964420318603516
cube458_cluster0,0.23253992012383995,-0.09717199623952301,-0.4761185576741552,-0.010477628846516896,11.299901008605957,-3.52109956741333,0.13116330956879033,-0.17410631609505733,10.967623710632324,19.843582153320312,-0.1714506998071883,-0.15921589886110207,0.9069350957870483,0.32266101241111755
cube459_cluster0,0.2408116367178423,-0.09506496260366089,-0.4761185576741552,0.010477628846516896,6.57376766204834,5.089980602264404,0.131158186365916,-0.17407864316913682,32.73796844482422,32.204166412353516,-0.17323022442133837,-0.15914233198302763,0.7243970036506653,0.6547559499740601
cube461_cluster0,0.21671905421899632,-0.06738202864115367,-0.4970738153671889,-0.010477628846516896,-4.832031726837158,9.007742881774902,0.13156977943404832,-0.17626009788762867,42.76340103149414,30.94232940673828,-0.17072545933622424,-0.16110764395198393,0.3732878267765045,0.8034960031509399
cube462_cluster0,0.21905432582124607,-0.0672279322731883,-0.4970738153671889,0.010477628846516896,5.8799262046813965,-1.0314123630523682,0.13157180297408946,-0.17627036676125932,18.485857009887695,16.845727920532227,-0.1693084208217916,-0.1604210493970731,0.6950536966323853,0.49187326431274414
cube463_cluster0,0.19336526770498924,-0.04455846507361197,-0.5180290730602227,-0.010477628846516896,2.8132617473602295,11.891805648803711,0.13193365803730756,-0.17819269585127281,12.553434371948242,16.815088272094727,-0.17002457940233023,-0.16284724823346883,0.5719224810600281,0.9489394426345825
cube464_cluster0,0.19745422762780562,-0.04241707612791746,-0.5180290730602227,0.010477628846516896,4.559703350067139,6.001741886138916,0.13193351637332457,-0.17819154547831517,36.96464538574219,34.36909103393555,-0.1683446250804973,-0.1625737630036595,0.6401700973510742,0.634891152381897
cube465_cluster0,0.17085789835520113,-0.02289935901886651,-0.5389843307532565,-0.010477628846516896,-4.4305219650268555,7.4661712646484375,0.13225447067017965,-0.17990024325548737,50.10038375854492,28.530717849731445,-0.16992848143663272,-0.1646193759570111,0.3806398808956146,0.7819044589996338
cube466_cluster0,0.17421744618525606,-0.019966891333048117,-0.5389843307532565,0.010477628846516896,9.213732719421387,-3.8718111515045166,0.13225388395831103,-0.17989675594470675,24.826040267944336,10.405425071716309,-0.16827075336672648,-0.16468174187167206,0.8723840117454529,0.30949097871780396
cube467_cluster0,0.15563946299511583,-0.004259511339788775,-0.5599395884462903,-0.010477628846516896,-6.395423889160156,4.853245735168457,0.1325192273957259,-0.18131221186978996,13.57654857635498,12.739444732666016,-0.17042341820349854,-0.16602251926443154,0.32641178369522095,0.6731964945793152
cube468_cluster0,0.15497095759149432,-0.004553777437421528,-0.5599395884462903,0.010477628846516896,-4.568554878234863,-9.5712251663208,0.13252497272901897,-0.18134256700852333,36.69462203979492,33.78512954711914,-0.1690482106864996,-0.16641614601830784,0.2888549268245697,0.08171402662992477
cube469_cluster0,0.1494210598606342,0.01737140861771029,-0.5808948461393241,-0.010477628846516896,-7.009066581726074,6.3434062004089355,0.13280430321464784,-0.18283541686967597,51.51407241821289,25.55672264099121,-0.17141261525897777,-0.16746954961435742,0.288099080324173,0.6970785856246948
cube470_cluster0,0.14270463427142374,0.019270134844106265,-0.5808948461393241,0.010477628846516896,-1.396191954612732,1.8087714910507202,0.13279722154097803,-0.18279723055105698,29.84449005126953,5.2930755615234375,-0.17259230568270442,-0.16656569587288772,0.5026654601097107,0.58006352186203
cube471_cluster0,0.1596484479839276,0.030517064237414553,-0.6018501038323579,-0.010477628846516896,3.279230833053589,1.2237911224365234,0.13304536994348612,-0.18412571636805616,12.723309516906738,12.781363487243652,-0.17203043284224326,-0.16877071711848726,0.6262375116348267,0.5351042747497559
cube472_cluster0,0.15388132506710786,0.03811960923369946,-0.6018501038323579,0.010477628846516896,10.023102760314941,7.16726541519165,0.13303887517262072,-0.18409055676306316,35.40223693847656,27.30836296081543,-0.1738520459378676,-0.16813461727126308,0.9613037705421448,0.8106634020805359
cube473_cluster0,0.17861282365629727,0.03498775883483025,-0.6228053615253917,-0.010477628846516896,11.70059871673584,3.5755715370178223,0.1332923628194928,-0.1854498044862619,52.17982864379883,11.207183837890625,-0.1721543663114997,-0.17019932498520576,0.9633821845054626,0.6933444738388062
cube474_cluster0,0.1779647023384212,0.04374637010690347,-0.6228053615253917,0.010477628846516896,8.225701332092285,5.9985127449035645,0.1332910202572238,-0.18544216211955192,34.243221282958984,3.046708106994629,-0.17406837368671838,-0.16995342299106622,0.8017140626907349,0.7513834238052368
cube475_cluster0,0.19838331600898346,0.02709534598114412,-0.6437606192184255,-0.02095525769303379,11.814190864562988,-1.8094842433929443,0.1334896569530976,-0.18650916187439495,9.764612197875977,14.990518569946289,-0.1718762949259222,-0.1712955846432754,0.9410974979400635,0.3404526114463806
cube476_cluster0,0.21528207836138988,0.045798527848036064,-0.6437606192184255,0.0,-1.9233331680297852,-10.106953620910645,0.13351236437698571,-0.1866295603256343,31.302167892456055,14.508294105529785,-0.17900938111823173,-0.17191104834117132,0.32442158460617065,0.011921328492462635
cube476_cluster1,0.20285063030538608,0.04195531508273523,-0.6437606192184255,0.02095525769303379,-6.996210098266602,9.023834228515625,0.1334614788616965,-0.18635682783521998,31.163232803344727,16.856901168823242,-0.16800933185508932,-0.1713195729291648,0.06780815869569778,0.9616745710372925
cube477_cluster0,0.21447136957961965,0.006629447363956155,-0.6647158769114593,-0.010477628846516896,-1.5921909809112549,-8.536996841430664,0.1336723960619461,-0.1874920125998246,53.8777961730957,-0.01845848187804222,-0.1720347672700534,-0.17219929001568088,0.47492706775665283,0.12163763493299484
cube478_cluster0,0.2258509242240251,0.018922586207869775,-0.6647158769114593,0.010477628846516896,-9.58963680267334,0.4894113540649414,0.1336561688268733,-0.18740379108481112,30.248788833618164,1.6012639999389648,-0.17530042371600718,-0.17224564823128244,0.1078842282295227,0.5176001191139221
cube479_cluster0,0.2188317415091722,-0.02026026908619493,-0.685671134604493,-0.010477628846516896,3.8483290672302246,9.858376502990723,0.133814184766155,-0.188255735123836,-5.341762065887451,16.04402732849121,-0.17175754994868594,-0.17284433991020307,0.6515014171600342,0.8341173529624939
cube480_cluster0,0.24272342508167674,-0.009699210456286253,-0.685671134604493,0.010477628846516896,-0.03561561927199364,-5.040276050567627,0.13380047356658317,-0.18818049910238874,29.557109832763672,9.978673934936523,-0.1668889907653458,-0.17424495564116352,0.5714453458786011,0.3339025676250458
cube481_cluster0,0.2129141658167927,-0.045560023320908825,-0.7066263922975269,-0.010477628846516896,5.183846473693848,-8.852212905883789,0.1339531326952376,-0.18900512078346132,61.759273529052734,-11.067755699157715,-0.17168762903407078,-0.1734802361108796,0.7008072137832642,0.18769271671772003
cube482_cluster0,0.2575514021973976,-0.03482971414592134,-0.7066263922975269,0.010477628846516896,-3.2144229412078857,-8.190140724182129,0.1339333225725102,-0.18889542659207936,23.06298828125,4.451125621795654,-0.1629845768988168,-0.18110273623394846,0.33279159665107727,0.12093126028776169
cube483_cluster0,0.1946302905322934,-0.06735728719473003,-0.7275816499905606,0.0,5.584893703460693,1.4802435636520386,0.1340798855767535,-0.18968938243543065,-33.15789031982422,21.33974838256836,-0.17180954246853367,-0.17404464790544094,0.6806890368461609,0.53965163230896
cube485_cluster0,0.1728664367451048,-0.08213147290050962,-0.7485369076835945,0.0,-1.186280608177185,-7.214568138122559,0.1341924833346281,-0.19029756257388256,89.21723937988281,-28.967924118041992,-0.17181864745329287,-0.17457520788774236,0.4394741952419281,0.23026618361473083
cube487_cluster0,0.1522515572323761,-0.09151696596372276,-0.7694921653766282,0.0,8.877368927001953,-2.4580469131469727,0.1342793823239018,-0.19076711721839243,-82.93427276611328,35.85334014892578,-0.17195811600352012,-0.17499608081376353,0.843691885471344,0.3964647352695465
cube488_cluster0,0.1333274163965701,-0.09765945133740521,-0.790447423069662,0.0,10.947793960571289,-4.4441938400268555,0.13434364204274338,-0.1911144442191709,134.86700439453125,-52.141876220703125,-0.17201957553701552,-0.17534899724385183,0.9122997522354126,0.2717934250831604
cube489_cluster0,0.11795499605448534,-0.09716453120608899,-0.8114026807626958,0.0,4.582264423370361,7.5918450355529785,0.1343839228535015,-0.1913322121421301,-155.43795776367188,61.624839782714844,-0.17205413895197336,-0.17559207303251662,0.6372520923614502,0.7374816536903381
cube490_cluster0,0.10405467068301365,-0.09408246481621672,-0.8323579384557296,0.0,-7.341900825500488,-6.148656845092773,0.13441258494356753,-0.1914871938670379,187.5562286376953,-75.80742645263672,-0.17209269796432172,-0.17578084400159544,0.16927357017993927,0.18207500874996185
cube491_cluster0,0.09465376057979775,-0.09177436501691597,-0.8533131961487634,0.0,5.489163398742676,-9.934624671936035,0.13443771515193767,-0.1916230979689338,-193.53965759277344,75.18730163574219,-0.17216653171021137,-0.17595895315204277,0.7646564841270447,0.08941565454006195
cube492_cluster0,0.08257217792180939,-0.08915868008333544,-0.8742684538417972,0.0,-0.02114303596317768,-11.049476623535156,0.13445842980217595,-0.1917351355663062,231.80906677246094,-95.70365905761719,-0.17221563093386558,-0.17613357829643825,0.47835052013397217,0.08282352238893509
cube493_cluster0,0.07356193860099619,-0.08861716734711161,-0.8952237115348309,0.0,9.405597686767578,7.839719772338867,0.1344729031226946,-0.19181342254097314,-299.7615051269531,116.55870056152344,-0.17228150193463845,-0.1762659241717724,0.9637494683265686,0.835199236869812
cube494_cluster0,0.07034462716428722,-0.08695046976385885,-0.9161789692278648,0.0,-6.35529088973999,9.392487525939941,0.1344818807509527,-0.19186198560297055,411.6889953613281,-169.09580993652344,-0.17231115410653058,-0.17637071414633906,0.23237429559230804,0.8434185981750488
cube495_cluster0,0.059559967108638395,-0.08793773743572084,-0.9371342269208985,0.0,4.576181411743164,-10.09888744354248,0.13448715703966696,-0.19189052780226698,-604.9822998046875,238.38912963867188,-0.17232490097382366,-0.17644924631960435,0.7475218772888184,0.1084466502070427
cube496_cluster0,0.05791134621031413,-0.09173743696189018,-0.9580894846139324,0.0,-7.673959732055664,3.6078379154205322,0.13448956261252445,-0.19190354104737073,779.5097045898438,-317.074462890625,-0.17234203900814318,-0.17649488034146116,0.26690229773521423,0.6418449282646179
cube497_cluster0,0.05617257261864439,-0.09435573081972329,-0.9790447423069661,0.0,5.5648298263549805,-3.1057987213134766,0.13449076466999638,-0.19191004381014737,-697.469970703125,275.33746337890625,-0.17234921419968915,-0.17653087031537934,0.7071466445922852,0.34362027049064636
cube498_cluster0,0.05259593042950478,-0.09841390923218209,-0.9999999999999999,0.0,-10.866745948791504,-0.4966750741004944,0.1344920777300376,-0.19191714715960587,431.7309265136719,-177.65866088867188,-0.1723763881450363,-0.1766056975461441,0.1289837807416916,0.4948697090148926
